标题,播放数,连接
『原创古风』编曲给音乐划上浓墨重彩的一笔,87万,http://music.163.com/playlist?id=2219028438
Uplifting Trance丨直击灵魂深处的电子音乐,55万,http://music.163.com/playlist?id=2218083370
「古风」霎是杏花雨又见千山雪,71万,http://music.163.com/playlist?id=2220703988
还记得你的梦想吗？别让你的梦只有想,421万,http://music.163.com/playlist?id=2219770152
安静细腻的欧美小调，献给失眠的你,72万,http://music.163.com/playlist?id=2220081292
毕业倒计时：时光里的伤心旅客,755万,http://music.163.com/playlist?id=2219538180
魔性Hook丨突然被这些女声洗了脑,174万,http://music.163.com/playlist?id=2219116947
混迹于霓虹国40年的复古节奏,27万,http://music.163.com/playlist?id=2217956735
华语 | 牵着时光衣襟，走进芳菲五月,279万,http://music.163.com/playlist?id=2218148426
感情变了质，等时间掩埋,186万,http://music.163.com/playlist?id=2215440866
T台节奏BGM•听完这单 谁还不是个超模咋地?,292万,http://music.163.com/playlist?id=2216189440
呼吸音乐中夏日的味道【Kobalt精编】,22万,http://music.163.com/playlist?id=2220469952
【日系】如何感谢你，赐予我生命,19万,http://music.163.com/playlist?id=2219495346
防弹少年团BTS出道以来所有歌曲完整合辑,15万,http://music.163.com/playlist?id=2208664380
二次演绎｜爵士与萌元素的浪漫邂逅,43万,http://music.163.com/playlist?id=2208755736
你爱她的每一天，都是母亲节,34万,http://music.163.com/playlist?id=2221598108
你的青春里有没有属于你的一首歌？,1242万,http://music.163.com/playlist?id=2201879658
伤心的时候，来这里偷偷听着哭吧。,148万,http://music.163.com/playlist?id=2199699508
你离开以后，我将自己活成了你的样子,286万,http://music.163.com/playlist?id=2205731441
「让宝宝一秒入睡的哄睡神曲」,23万,http://music.163.com/playlist?id=2216962972
倾听100部电影，爱情的美丽与哀愁,350万,http://music.163.com/playlist?id=2203603614
⚡️18年4月新热电音推送,122万,http://music.163.com/playlist?id=2203423972
[ACG抒情]那些温柔 令人心碎,109万,http://music.163.com/playlist?id=2200464560
夏天快要过去，牵你手买冰淇淋,446万,http://music.163.com/playlist?id=2199015597
当进击节奏迷之出彩旋律Drum&Bass/Dubstep,394万,http://music.163.com/playlist?id=2202058359
难道六岁的我 就不能为爱流一次眼泪吗,44万,http://music.163.com/playlist?id=2203183914
Summer Time·一股清流 安抚夏日燥热,273万,http://music.163.com/playlist?id=2211492602
绿荫之日——轻快悠闲纯音小调,22万,http://music.163.com/playlist?id=2200232865
就想傻傻看着你，谁叫我喜欢你,17万,http://music.163.com/playlist?id=2201595918
EDC China•音乐节现场歌单,41万,http://music.163.com/playlist?id=2206105962
重逢是始料未及丨回首又见你 流星花园,435万,http://music.163.com/playlist?id=2202374751
纯音丨指尖黑白琴键 弹尽人间绚烂,29万,http://music.163.com/playlist?id=2208701304
R3HAB Summer 2018 Playlist,97万,http://music.163.com/playlist?id=2212809590
突然兴奋！唱见的电波时刻,48万,http://music.163.com/playlist?id=2202381769
点起一支烟，听一首粤语歌,340万,http://music.163.com/playlist?id=2197936899
韩国Moombahton 异域风情的魔性律动,49万,http://music.163.com/playlist?id=2216739277
细数那些值得单曲循环的英文歌,115万,http://music.163.com/playlist?id=2193563343
听罢这些电影旋律｜好似领略百感人生,251万,http://music.163.com/playlist?id=2190625773
"不如""乐""读——适合读书时听的古典音乐",120万,http://music.163.com/playlist?id=2192872919
【质感声音】别开口，怕从第一个音爱上你,94万,http://music.163.com/playlist?id=2202434071
「可爱培育室」boom~您的可爱正在迅速膨胀,99万,http://music.163.com/playlist?id=2208661396
「古风」笛子前奏，如春风拂过,198万,http://music.163.com/playlist?id=2188949054
『四大名著』中国古典文学的精品,152万,http://music.163.com/playlist?id=2193807890
聆听天使的歌唱┊独立精选集┊,70万,http://music.163.com/playlist?id=2212673272
治愈の歌｜想把这份温柔传达给你,36万,http://music.163.com/playlist?id=2215887111
『我需要你，我只需要你』,48万,http://music.163.com/playlist?id=2214962534
「初夏物语」树荫蝉响与夏日清凉,420万,http://music.163.com/playlist?id=2211544441
"男女合唱 | 跟我走吧, 我们去兴风作浪",113万,http://music.163.com/playlist?id=2212604129
想借夏天的风说，我喜欢你呀,257万,http://music.163.com/playlist?id=2203659217
岛·乐队集°台北夜空下的氤氲青年,86万,http://music.163.com/playlist?id=2194760666
『母亲节』电影里的微笑，记我们的母亲,230万,http://music.163.com/playlist?id=2211639277
风从袖中过的 是夏天啊,156万,http://music.163.com/playlist?id=2211610787
「2018」奔跑吧 第二季 BGM,35万,http://music.163.com/playlist?id=2192048784
摇摆系电音 | 对不起我们火星拒绝普通的摇,22万,http://music.163.com/playlist?id=2210941473
我最大的遗憾，是你的遗憾与我有关,820万,http://music.163.com/playlist?id=2201957752
给文艺的你一次悦耳的旅行,377万,http://music.163.com/playlist?id=2204529782
『韩语』补充点恋爱糖分喵～,27万,http://music.163.com/playlist?id=2206966142
如果我们能够久别重逢，我希望你别来无恙,309万,http://music.163.com/playlist?id=2208261223
陪你度过一个安静的时刻,123万,http://music.163.com/playlist?id=2202109892
三字的经 | 词牌名结构下的蒙太奇故事,119万,http://music.163.com/playlist?id=2209587132
[夕暮相伴]少女的温情依守,19万,http://music.163.com/playlist?id=2190868434
海岸森系唤醒 ·「future bass」,116万,http://music.163.com/playlist?id=2205950549
「华语」喜欢你只是我一个人的彳亍,388万,http://music.163.com/playlist?id=2200298188
“愿我们走进静谧的长夜”,52万,http://music.163.com/playlist?id=2206503282
夜深了｜听电影讲枕边故事,157万,http://music.163.com/playlist?id=2203927235
「清新歌谣」一场欢快的旅行,206万,http://music.163.com/playlist?id=2199769306
“我想你一定很忙 所以你看前三个字就好”,289万,http://music.163.com/playlist?id=2198844333
健身房高效燃脂音乐,53万,http://music.163.com/playlist?id=2192521004
「四季情诗」穿越四季的爱恋,136万,http://music.163.com/playlist?id=2203008288
嘻哈制药丨以黑泡为底，用jazz做药引,87万,http://music.163.com/playlist?id=2201281638
愿孤独的诗里都有旋律 民谣的梦里都有远方,164万,http://music.163.com/playlist?id=2201043757
复古流行 | Dance Back To The 80s,20万,http://music.163.com/playlist?id=2204313231
◢◤Avicii丨当一切都结束的时候再叫醒我,770万,http://music.163.com/playlist?id=2193725733
遇见你是我生命中最奇妙的际遇,116万,http://music.163.com/playlist?id=2200313877
花样年华：防弹少年团歌曲精选,46万,http://music.163.com/playlist?id=2201443336
想送你一颗长生不老的少女心,18万,http://music.163.com/playlist?id=2212739105
CityPop.泡沫都市,14万,http://music.163.com/playlist?id=2203753368
本宝宝终于找到了适合自己的BGM,455万,http://music.163.com/playlist?id=2190407615
轻电音集 | 星辰大海里的深夜伴侣,78万,http://music.163.com/playlist?id=2190542417
「古风」千金纵买相如赋，脉脉此情谁诉,49万,http://music.163.com/playlist?id=2202457913
比起说我爱你 我更希望有机会说我也爱你,351万,http://music.163.com/playlist?id=2191164733
人生无法重启 但你有这些歌曲,132万,http://music.163.com/playlist?id=2201216375
纯音丨相聚别离，都是刚刚好,44万,http://music.163.com/playlist?id=2194466842
Swing Jazz \ 复古摇摆,14万,http://music.163.com/playlist?id=2189138758
给最亲爱的自己：等一个温暖你的人,246万,http://music.163.com/playlist?id=2191164315
女孩子为什么要努力？,298万,http://music.163.com/playlist?id=2197746110
玩味节拍｜数学摇滚中的律动设计,13万,http://music.163.com/playlist?id=2200994050
┊Be A Poet┊失意孤独的人 每一个都是诗人,19万,http://music.163.com/playlist?id=2201899083
希望你有一个美丽的夏天，和我无关也没关系,156万,http://music.163.com/playlist?id=2193697570
日系丨清冽女毒『薄荷色少女心』,54万,http://music.163.com/playlist?id=2193033807
【创造101】最全参赛曲目及其BGM,62万,http://music.163.com/playlist?id=2195253696
Driving Time·一首节奏电音 带你去兜风,150万,http://music.163.com/playlist?id=2191566904
浪漫主义｜穿透灵魂的钢琴抒情曲,26万,http://music.163.com/playlist?id=2189488708
夏天到了 | 要不要提前备一个消暑单呢,95万,http://music.163.com/playlist?id=2189916695
[古典] 要么庸俗，要么孤独,12万,http://music.163.com/playlist?id=2195814755
日系 . 向孤独者献上深白色的花束,33万,http://music.163.com/playlist?id=2194679585
柠檬薄荷｜雨天的猫与少女,29万,http://music.163.com/playlist?id=2193067213
韩语R&B丨虚假的真实与模糊的清晰,38万,http://music.163.com/playlist?id=2203218351
与你赴约 | 你是我耳边永不退潮的海,86万,http://music.163.com/playlist?id=2201306206
当我的光曝在你身上，重逢就是一间暗室,230万,http://music.163.com/playlist?id=2199982529
瑞典音乐人Avicii离世，年仅28岁。,48万,http://music.163.com/playlist?id=2193790163
日系 丨 一调祥谧的温暖，一曲细腻的厚重,48万,http://music.163.com/playlist?id=2196589463
【日系】❀雨过花晴❀在最美的五月♪,21万,http://music.163.com/playlist?id=2208072437
闽南语丨原来也可以如此清新与情深,37万,http://music.163.com/playlist?id=2195453350
心尖上第一抹白月光,18万,http://music.163.com/playlist?id=2199874932
遇见你，是我所有美好故事的开始,47万,http://music.163.com/playlist?id=2196237365
华语唱作人 | 你如风来了又走 我心满了又空,108万,http://music.163.com/playlist?id=2191690039
电影丨《后来的我们》OST合集（导演:奶茶）,24万,http://music.163.com/playlist?id=2198627543
旅行|二十首歌讲尽旅途所有心情,15万,http://music.163.com/playlist?id=2197631811
五四 | 城市青年图鉴,171万,http://music.163.com/playlist?id=2195037934
致金牛 | 愿有人懂你的倔强与温柔,235万,http://music.163.com/playlist?id=2191454231
欧美 | Good Vibes Only,38万,http://music.163.com/playlist?id=2190380734
「末春清新向」提前感受海洋季风的海盐气息,17万,http://music.163.com/playlist?id=2205415024
就向流星许个心愿，以后我们都要快乐,213万,http://music.163.com/playlist?id=2191635912
【日语】以歌驱霾•笑迎明天,18万,http://music.163.com/playlist?id=2197570245
雕刻时光 重塑经典,69万,http://music.163.com/playlist?id=2192839055
音色美学｜那些孑然的电子音乐,13万,http://music.163.com/playlist?id=2191137595
地下电子跳舞音乐指南,33万,http://music.163.com/playlist?id=2196617560
博多酒屋｜爵士与都市传说的异闻录,22万,http://music.163.com/playlist?id=2193081402
『偶像练习生』各家自制应援曲,31万,http://music.163.com/playlist?id=2190390671
Vol. 48「新浪潮 未来俱乐部之声」,13万,http://music.163.com/playlist?id=2207464579
天使之音带你俯瞰梦幻之城【Kobalt精编】,36万,http://music.163.com/playlist?id=2202252198
【最爱金曲榜】人间四月天 烟雨的世界,54万,http://music.163.com/playlist?id=2192974488
你若微笑，我的世界就开始晴朗,38万,http://music.163.com/playlist?id=2190238280
大事发声Ⅰ歌里唱的都是人生,25万,http://music.163.com/playlist?id=2191434938
进击的次元！百首超燃动漫背景音乐,155万,http://music.163.com/playlist?id=2188389237
100个悲伤的瞬间，有没有你的心酸？,745万,http://music.163.com/playlist?id=2179646633
倾听自然 · 林涧细语,224万,http://music.163.com/playlist?id=2179792198
元气少女音丨沉溺于这场甜美梦境,185万,http://music.163.com/playlist?id=2188265841
致回不去的校园，致那美好的曾经,521万,http://music.163.com/playlist?id=2182683172
『国摇』五十支乐队五十种精神信仰,316万,http://music.163.com/playlist?id=2179431622
【Hip-Hop】西海岸精选,66万,http://music.163.com/playlist?id=2186166423
欢快小调 给百无聊赖的生活来支兴奋剂,313万,http://music.163.com/playlist?id=2182669327
日系| 有一种乐音，温暖一如被春日洗礼,61万,http://music.163.com/playlist?id=2185852585
后来的我们 唱着《后来》消失在人海,398万,http://music.163.com/playlist?id=2181695887
『百首韩语女声』也曾晴朗 落一身浅浅的伤,20万,http://music.163.com/playlist?id=2188304400
亲爱的，勇敢一点,177万,http://music.163.com/playlist?id=2183979013
第一眼就确认 我的余生都与你有关,90万,http://music.163.com/playlist?id=2170094176
比听CD更惊艳的日语live现场,51万,http://music.163.com/playlist?id=2185631022
向往的生活2第二季,32万,http://music.163.com/playlist?id=2184439176
节奏带感且时尚性感<100首Fashion BGM>,795万,http://music.163.com/playlist?id=2173059435
于时间的长廊上 你再也不等我,957万,http://music.163.com/playlist?id=2168895862
百部动画摇滚，百首经典旋律,184万,http://music.163.com/playlist?id=2174130269
「甜Rap」我的超能力是超级喜欢你ღ,27万,http://music.163.com/playlist?id=2177788266
【China】国人电音精品，这节奏不停歇,125万,http://music.163.com/playlist?id=2176013162
“长大应该是变得温柔，对全世界都温柔”,98万,http://music.163.com/playlist?id=2179751046
『古风』听梦不愿醒 便随你风月无际,127万,http://music.163.com/playlist?id=2171419444
熬夜和想你，我都该戒掉了,1251万,http://music.163.com/playlist?id=2163517726
【综艺】Heart Signal 第二季,19万,http://music.163.com/playlist?id=2164695804
絮语|即使真空不传声 宇宙也知道我想你,62万,http://music.163.com/playlist?id=2174407398
百首日系深情，献给我曾挚爱过的你,321万,http://music.163.com/playlist?id=2166790155
大广赛命题歌单,42万,http://music.163.com/playlist?id=2161675933
【日系&ACG】圣者与精灵共咏的契绊诗,33万,http://music.163.com/playlist?id=2181436358
我将深陷于单曲循环的魔咒 无法逃脱,246万,http://music.163.com/playlist?id=2182718903
"""多少人以朋友的名义爱着一个人? """,687万,http://music.163.com/playlist?id=2162749304
不怕汉子有文化，只怕他们有吉他,496万,http://music.163.com/playlist?id=2180739925
【女声控】天籁之音，声线美到窒息「七」,32万,http://music.163.com/playlist?id=2185087020
纯音丨雨是悲欢离合 雨是一生错过,62万,http://music.163.com/playlist?id=2184923682
「不嘈杂好心情发射器biu~」人生在世须尽欢,203万,http://music.163.com/playlist?id=2186807760
细数那些值得单曲循环的民谣,665万,http://music.163.com/playlist?id=2150055953
2018公告牌全球百大DJ/电音制作人！,440万,http://music.163.com/playlist?id=2153498917
华语电影台词对白｜念念有声,394万,http://music.163.com/playlist?id=2166181332
「怦然心动」喜欢你头发的淡淡西瓜味,706万,http://music.163.com/playlist?id=2182092714
后来，我们什么都有了，却没有了我们,461万,http://music.163.com/playlist?id=2181287762
繁华都市里的100个孤独旅人,362万,http://music.163.com/playlist?id=2161007233
『港片经典』江湖枪火，当年情风继续吹,91万,http://music.163.com/playlist?id=2188769072
如何优雅的做个没有感情的大人,404万,http://music.163.com/playlist?id=2156205051
『古风』烟白酒旗青，水村鱼市晴,62万,http://music.163.com/playlist?id=2186364976
⚡️18年3月新热电音推送,306万,http://music.163.com/playlist?id=2164977085
[ACG萌曲]百首傻白甜的欢脱小调,102万,http://music.163.com/playlist?id=2167718593
民谣情话‖多谢你做我平淡岁月里星辰,37万,http://music.163.com/playlist?id=2180914819
『电音故事』 从华夏文明的起源说起,15万,http://music.163.com/playlist?id=2184066432
「古风」藏在诗词里的歌名,375万,http://music.163.com/playlist?id=2157458176
细数香港金像奖最佳原创电影歌曲,32万,http://music.163.com/playlist?id=2187834515
第五人格游戏原声音乐,22万,http://music.163.com/playlist?id=2183446622
「日系」想和你一样做个明媚的人,47万,http://music.163.com/playlist?id=2180822480
这就是街舞BGM(5月13日)点开图片有详细歌单,27万,http://music.163.com/playlist?id=2150301107
小楼一夜听春雨，深巷明朝卖杏花,153万,http://music.163.com/playlist?id=2181755353
EDC CHINA 2018 | 这些电音大神要来中国啦,298万,http://music.163.com/playlist?id=2157706591
欧美丨轻快的节奏不自觉的律动,41万,http://music.163.com/playlist?id=2183062788
华语 | 我没有很想你，只是经常梦见你,517万,http://music.163.com/playlist?id=2172208421
五一假期，相约泰山听云上之声♫,12万,http://music.163.com/playlist?id=2168738004
City pop | 脱丧俱乐部里的复古蜜色,11万,http://music.163.com/playlist?id=2180830258
戏中的情爱，与你的故事无关,268万,http://music.163.com/playlist?id=2187129244
我爱你 第一句是假的 第二句也是假的,1269万,http://music.163.com/playlist?id=2144281377
嘘，听他们为你唱首情歌,126万,http://music.163.com/playlist?id=2172125110
魔法料理：50%电音加上50%萌音！,29万,http://music.163.com/playlist?id=2176407608
华语 | 三行情书 两滴眼泪 一段爱情,348万,http://music.163.com/playlist?id=2169331863
绝美鼓乐集｜華枝春滿 天心月圓,177万,http://music.163.com/playlist?id=2148086011
2018年4月新番动画歌曲合集(更新中）,22万,http://music.163.com/playlist?id=2157196073
华语女声 那些闪闪发光的吉他小姐姐,133万,http://music.163.com/playlist?id=2154093907
《头号玩家》来，跟老斯一起看电影&玩游戏,414万,http://music.163.com/playlist?id=2169355485
【经常请吃饭的漂亮姐姐】欧美插曲合集,12万,http://music.163.com/playlist?id=2169062252
『衣冠上国 礼义之邦』,55万,http://music.163.com/playlist?id=2186470464
华语｜让那些故事 都藏进时间里吧,285万,http://music.163.com/playlist?id=2154504854
踏春必备 | 轻快节奏让心情好到爆,239万,http://music.163.com/playlist?id=2171582996
日系民谣丨生活是一场又一场美好事物的追逐,57万,http://music.163.com/playlist?id=2177971936
【最爱金曲榜】那些琼瑶故事里的歌,58万,http://music.163.com/playlist?id=2183167064
樱花盛开的四月，听说跟想你很配。,61万,http://music.163.com/playlist?id=2182086484
『武侠梦』我应在江湖悠悠，饮一壶浊酒,455万,http://music.163.com/playlist?id=2167679218
「纯音/睡前/作业」所有东西都是回忆里最好,91万,http://music.163.com/playlist?id=2167786806
「国人纯音」净化心灵的旅行,36万,http://music.163.com/playlist?id=2168874857
五月天，耳机里的音乐，口袋里的心情,16万,http://music.163.com/playlist?id=2174233544
只是后来，我们没有在一起,47万,http://music.163.com/playlist?id=2186192589
『电音Ⅱ』℃ 泳池派对 夏日里的极致清凉,25万,http://music.163.com/playlist?id=2182958938
最美的极光，最浪漫的旋律【Kobalt精编】,30万,http://music.163.com/playlist?id=2182968376
你怎么蠢到我喜欢你都不知道,376万,http://music.163.com/playlist?id=2161325399
曾经的最流行，无数人的爱恨情,74万,http://music.163.com/playlist?id=2175768368
「所有的相遇」都是久别重逢,13万,http://music.163.com/playlist?id=2177570529
绝色复古︱幻游梦境 与你消磨时光,123万,http://music.163.com/playlist?id=2146256338
中国|UnderGround,24万,http://music.163.com/playlist?id=2177380434
『古风』幸得识卿桃花面 自此阡陌多暖春,190万,http://music.163.com/playlist?id=2166551532
Chicano Rappers墨裔美国说唱歌手,13万,http://music.163.com/playlist?id=2186584109
在柳絮如雪的季节，听见思念的声音,239万,http://music.163.com/playlist?id=2180451863
✙ ᴛʀᴀᴘ ʀᴀᴘ,14万,http://music.163.com/playlist?id=2159313543
果味诱惑｜蓝莓气泡水的甜蜜刺激,83万,http://music.163.com/playlist?id=2174629403
纯音丨努力到无能为力 拼搏到感动自己,56万,http://music.163.com/playlist?id=2163406672
「嗨爆」在宿舍御用的蹦迪歌曲,121万,http://music.163.com/playlist?id=2145434166
欧美丨留不住的人像风 至少风过无痕,73万,http://music.163.com/playlist?id=2178394851
Vicetunes,21万,http://music.163.com/playlist?id=2179239664
韩 ๓ 与你四季，在我这里你是整个春天,15万,http://music.163.com/playlist?id=2180690567
『四月是你的电音⚡️』蹦迪抖脚使我中毒残废,16万,http://music.163.com/playlist?id=2173296232
日系/帅气ο 光辉耀世 睥睨众生,14万,http://music.163.com/playlist?id=2171716416
耳朵叫醒身体|心里有迪，哪里都能蹦,108万,http://music.163.com/playlist?id=2162855831
歌词唱透了心声，回忆模糊了眼眸,1118万,http://music.163.com/playlist?id=2139324915
深蓝色的极致浪漫之音【Kobalt精编】,55万,http://music.163.com/playlist?id=2162709418
日系/甜歌 : 其实我有七个人格,28万,http://music.163.com/playlist?id=2143886044
岁月如潮水，将我向老歌推,1217万,http://music.163.com/playlist?id=2139305008
节奏带感且深邃性感 ️️这才系Deep House呀,867万,http://music.163.com/playlist?id=2139118830
「你好温柔 让人一瞬间想拿一生来深拥」,102万,http://music.163.com/playlist?id=2164995466
Future bass｜迷醉于怦然心动的音律,30万,http://music.163.com/playlist?id=2173343791
韩语～我又遇见你了，在梦里。,18万,http://music.163.com/playlist?id=2173920640
『日系』舌尖之声 醉人之律,23万,http://music.163.com/playlist?id=2162270632
吟 游 记 ‖只 想 做 个 堕 落 的 诗 人,91万,http://music.163.com/playlist?id=2158769818
你不知道我多羡慕你特立独行的样子,506万,http://music.163.com/playlist?id=2154763064
跟爵士乐一起开始春天的摇摆,16万,http://music.163.com/playlist?id=2187961418
我画地为牢，心若荒岛,10万,http://music.163.com/playlist?id=2188299812
民谣无深情，有的是伤心,21万,http://music.163.com/playlist?id=2155691251
「无前奏日语歌」你是开在我心尖的花呀,79万,http://music.163.com/playlist?id=2160130548
华语老歌|女人花似梦，摇曳红尘中,123万,http://music.163.com/playlist?id=2151717076
日系无前奏 丨 几秒内所带来的惊艳与感动,78万,http://music.163.com/playlist?id=2146803269
哼首欢快的歌 来拯救你的小确丧,703万,http://music.163.com/playlist?id=2144082923
生活，太需要这些节奏了,653万,http://music.163.com/playlist?id=2133712293
求求你们了，让我睡会儿好不好,688万,http://music.163.com/playlist?id=2131958935
欧美 暗恋的那些酸楚只有音乐知道,64万,http://music.163.com/playlist?id=2166910595
国风说唱：醉酒聆歌 爱恨几何,75万,http://music.163.com/playlist?id=2153197706
『韩语』青春是你和我一起最后的旅行,20万,http://music.163.com/playlist?id=2174208305
没有谁是一座孤岛,142万,http://music.163.com/playlist?id=2161375317
【世界再大，我眼里只有你】——粤语系列,10万,http://music.163.com/playlist?id=2155227031
无限循环！40首日系悦耳R&B女声,155万,http://music.163.com/playlist?id=2147760874
▪Vol.13 |Brazilian Bass异域妖鼓 邪魅低音,112万,http://music.163.com/playlist?id=2150374050
少年意气丨最坚硬的舌头 最swag的态度,86万,http://music.163.com/playlist?id=2177027157
ACG女声 | 永不凋谢的玫瑰,19万,http://music.163.com/playlist?id=2183402678
“生活很讨厌，还好我可爱”,55万,http://music.163.com/playlist?id=2149144282
『致逝者』心爱的人，永远守护着你,55万,http://music.163.com/playlist?id=2156782354
一百首‖让你瞬间勾起回忆的老歌,430万,http://music.163.com/playlist?id=2134203011
「钢琴」我伸出手，却只抱住风…,18万,http://music.163.com/playlist?id=2157747768
「钢琴」安静美好｜陌上花开，你已归来,29万,http://music.163.com/playlist?id=2157749749
电影丨头号玩家/玩家一号/READY PLAYER ONE,102万,http://music.163.com/playlist?id=2138786247
「甜美声线」清新俏皮 小女生风情,290万,http://music.163.com/playlist?id=2129728437
台湾偶像剧黄金年代|记忆是阵阵花香,627万,http://music.163.com/playlist?id=2134421380
运动健身必备Pop Punk丨戴上耳机世界属于你,163万,http://music.163.com/playlist?id=2142690198
下次理发我要让我的Tony播放这个歌单,1339万,http://music.163.com/playlist?id=2120785460
江湖｜任我游戏任我笑 任我琴狂剑也傲,171万,http://music.163.com/playlist?id=2149031036
「每天想你一遍」无限温柔の日系少年,23万,http://music.163.com/playlist?id=2168815384
「情绪降温」在春风里听一首冷门日语歌,24万,http://music.163.com/playlist?id=2176928686
韩.想拥有你眼中的繁星点点（二）,10万,http://music.163.com/playlist?id=2172391752
世界再大，我的眼里只有你。,52万,http://music.163.com/playlist?id=2174615936
氤氲男嗓|| 陌上花已开 微醺入耳流于心,16万,http://music.163.com/playlist?id=2177601404
【抖腿神曲】蹦迪必备EDM歌曲,13万,http://music.163.com/playlist?id=2148358954
『气场Max』开口就能把你征服的女王音,55万,http://music.163.com/playlist?id=2150635048
【节奏控】那些一听就中毒的电音(纯音乐篇),465万,http://music.163.com/playlist?id=2120271089
"港片金曲｜相逢一场情""忆""满满演唱会",63万,http://music.163.com/playlist?id=2143006845
情话变歌词，我想陪你到世界的终结,10万,http://music.163.com/playlist?id=2159411547
头号玩家 | Ready Player One Playlist,15万,http://music.163.com/playlist?id=2162865921
想在阴天里听莫文蔚的电台情歌,357万,http://music.163.com/playlist?id=2129467457
华夏风骨●宫商角徵羽 五音传千年,35万,http://music.163.com/playlist?id=2146003213
百首悠扬纯音 · 奏响日系绚章,120万,http://music.163.com/playlist?id=2136453022
岁月留声 · 披头士和致敬者们,78万,http://music.163.com/playlist?id=2151475985
春夜 · 酒馆里的浪漫时光,44万,http://music.163.com/playlist?id=2148772313
纯音丨生命有裂缝，阳光才照得进来,23万,http://music.163.com/playlist?id=2148095581
你是一首旋律，被写在春天的风里,321万,http://music.163.com/playlist?id=2139819755
百部韩剧经典OST合集，纪念追剧时光,360万,http://music.163.com/playlist?id=2127472941
「新世纪」如沐朝阳的温暖与诗意,177万,http://music.163.com/playlist?id=2128571926
┆Take a bath┆关灯洗浴 水雾中是你,24万,http://music.163.com/playlist?id=2160646979
就做一阵风吧，有温柔也有英勇,169万,http://music.163.com/playlist?id=2131424601
韩Rap/Soul · 独自一人的车窗音乐,29万,http://music.163.com/playlist?id=2156207182
韩式撩人男嗓研究所,11万,http://music.163.com/playlist?id=2155958459
华语情歌° | 最痴情的男人像海洋,186万,http://music.163.com/playlist?id=2153717858
来日可期的等待化作最长情的告白,246万,http://music.163.com/playlist?id=2153089864
田馥甄最全歌曲正序集,54万,http://music.163.com/playlist?id=2125261392
我方少女心正在被攻击 请求支援！,22万,http://music.163.com/playlist?id=2133259867
「孤独与愁」霓虹雨巷 孑然一身,68万,http://music.163.com/playlist?id=2133607746
以丧止丧 听一首把自己感动到哭的丧的歌,703万,http://music.163.com/playlist?id=2141039987
迈克尔杰克逊的全曲（好不容易找到的）,11万,http://music.163.com/playlist?id=2133963969
【SHE全专辑集】,118万,http://music.163.com/playlist?id=2121558366
EDC 2018•CHINA电音节上海站阵容精选,21万,http://music.163.com/playlist?id=2124725250
『懒节奏』氛围里你的清晰衬托了孤寂¶,115万,http://music.163.com/playlist?id=2142593775
欧美电影台词对白｜念念不忘,163万,http://music.163.com/playlist?id=2128755383
黄舒骏推荐华语流行音乐30年必听歌曲,33万,http://music.163.com/playlist?id=2141392076
任贤齐：这里的表演很精彩,138万,http://music.163.com/playlist?id=2129466456
「 怀揣梦想 吃饭睡觉 保持可爱 」,11万,http://music.163.com/playlist?id=2178292535
戒不掉的女声 | 也许是你失眠的帮凶,184万,http://music.163.com/playlist?id=2155625233
「开口沉醉」慵懒迷离的欧美女声,68万,http://music.163.com/playlist?id=2116417781
「欧美清新」春风捎来了你的情话,102万,http://music.163.com/playlist?id=2119536331
『节奏控』百听不厌的店铺音乐♪,16万,http://music.163.com/playlist?id=2126417153
戴上耳机，埋头学习，再加把力，中考等你,200万,http://music.163.com/playlist?id=2115445493
『三月电音炸曲⚡️』恕我直言你不配拥有抖腿,26万,http://music.163.com/playlist?id=2145722614
丨魔岩三杰与唐朝,10万,http://music.163.com/playlist?id=2146462515
「ACG」由衷的青睐，源自真心的美好,166万,http://music.163.com/playlist?id=2111401734
日系/无前奏：开口即跪 一秒沦陷,275万,http://music.163.com/playlist?id=2105681544
「古风」错身遇个你，穷尽诗家笔,254万,http://music.163.com/playlist?id=2118036706
[White Day]想要传达给你的爱恋！,83万,http://music.163.com/playlist?id=2132468088
[The Beatles]披头士翻唱精选合辑,18万,http://music.163.com/playlist?id=2151685198
你是我不想醒过来的白日梦,24万,http://music.163.com/playlist?id=2182304713
「日系」歌词里传达歌手想让你知道的信息,25万,http://music.163.com/playlist?id=2184305810
放飞青春｜开心的事情现在才要开始,19万,http://music.163.com/playlist?id=2180938960
只有你和时光知道我沉默的缘由,12万,http://music.163.com/playlist?id=2183366581
「不老女声」你 是 窗 前 深 浅 白 月 光,752万,http://music.163.com/playlist?id=2121679666
华语男声丨有些记忆 只有音乐可以唤起,473万,http://music.163.com/playlist?id=2122104724
⚡️18年2月新热电音推送,299万,http://music.163.com/playlist?id=2120602346
『欢快节奏』专业治愈各种不开心～,26万,http://music.163.com/playlist?id=2118657705
有没有一首歌会让你想起周华健,55万,http://music.163.com/playlist?id=2129450612
2010-2018百部爱情电影OST合集,58万,http://music.163.com/playlist?id=2136967635
值得循环的一百首日系男友音,268万,http://music.163.com/playlist?id=2108339599
华语男声 你来这走一遭 奇迹般万物生长,143万,http://music.163.com/playlist?id=2116641078
〔这！就是街舞〕BGM持续更新3.31,78万,http://music.163.com/playlist?id=2125962943
BBC | 大本尼磁性朗读 神探夏洛克原声合集,10万,http://music.163.com/playlist?id=2125763617
『無前奏 | 女嗓』开口即跪 心醉神迷.,1266万,http://music.163.com/playlist?id=2089907261
林俊杰圣所世界巡回演唱会完整版歌单,12万,http://music.163.com/playlist?id=2145267670
胡歌 经典影视歌曲特辑,10万,http://music.163.com/playlist?id=2138154214
韩剧《经常请吃饭的漂亮姐姐》OST&BGM合辑,15万,http://music.163.com/playlist?id=2133440344
『开口脆』适合做铃声的欧美歌曲❤️,142万,http://music.163.com/playlist?id=2104156543
古风| 陌上繁花开，良人缓缓归,20万,http://music.163.com/playlist?id=2151625043
【电子】Drum and bass打游戏必备良曲,38万,http://music.163.com/playlist?id=2149335032
非主流青春里听过的歌,149万,http://music.163.com/playlist?id=2113359151
童年经典儿歌大全,12万,http://music.163.com/playlist?id=2109436111
『和式盯鞋』Shoegaze浪潮◎日系噪声美学,27万,http://music.163.com/playlist?id=2134169961
「男声控」沉醉于深情嗓音 迷失于动感旋律,67万,http://music.163.com/playlist?id=2121784814
『1980-至今』日本动画电影/剧场版大盘点,92万,http://music.163.com/playlist?id=2110565919
纯音乐｜钢琴与旧书页，会跳舞的黑白键,433万,http://music.163.com/playlist?id=2099302296
「 Him & I 」晚点遇见你，余生都是你,27万,http://music.163.com/playlist?id=2121164220
【日系燃曲】吾，即是为战斗而存在,38万,http://music.163.com/playlist?id=2137215049
古风 I 红烛多情化着泪 漫漫长夜摧伊人,221万,http://music.163.com/playlist?id=2100341581
暖春，寄一首阳光明媚的歌给你,579万,http://music.163.com/playlist?id=2114030515
【Just Chill】黄昏下的浪漫悦动,17万,http://music.163.com/playlist?id=2167222141
妈耶！韩国小哥哥唱日语歌也这么好听,19万,http://music.163.com/playlist?id=2159278825
头号玩家Ready Player One 电影OST 插曲,31万,http://music.163.com/playlist?id=2162894846
【起床闹铃必备】掀被而起，君临天下！,36万,http://music.163.com/playlist?id=2140904927
韩团R&B|风格各异的R&B，哪一首是你的Pick?,12万,http://music.163.com/playlist?id=2145241467
【China国风电音】之琵琶与古筝的荡气辉煌,29万,http://music.163.com/playlist?id=2112576346
角色背后的歌声 / 新老声优们的演绎,81万,http://music.163.com/playlist?id=2119594443
敲可爱的歌单（恋爱的感觉）,14万,http://music.163.com/playlist?id=2105070813
再听这些歌时你已热泪盈眶，你曾是少年,577万,http://music.163.com/playlist?id=2128858806
氛围音律｜飘渺乐境 梦幻泡影,15万,http://music.163.com/playlist?id=2154502404
开门呀 小可爱送温暖啦,55万,http://music.163.com/playlist?id=2151816466
日语精选：日本KTV中的高人气优质女声,39万,http://music.163.com/playlist?id=2150668313
不是所有人都在原地等你,20万,http://music.163.com/playlist?id=2153858258
少年不听李宗盛，听懂已是不惑年,216万,http://music.163.com/playlist?id=2129184583
异坤iSeeKun,10万,http://music.163.com/playlist?id=2121994892
【起床铃】我“恶毒”的室友系列,45万,http://music.163.com/playlist?id=2133663200
张国荣：只怪你过份美丽,143万,http://music.163.com/playlist?id=2129489084
「欧美电子」电子与人声的完美碰撞♚,122万,http://music.163.com/playlist?id=2135457343
[煦风曦日]摇曳在春光里的款款柔情,71万,http://music.163.com/playlist?id=2120073257
『欧美&节奏』开口即跪的清脆男嗓℡,15万,http://music.163.com/playlist?id=2113258500
轻柔英文歌 睡觉专用,24万,http://music.163.com/playlist?id=2125896151
「炸裂」你听过3D环绕音乐吗？特别酷！,66万,http://music.163.com/playlist?id=2120151283
GMM GRAMMY热门泰剧OST了解一下,24万,http://music.163.com/playlist?id=2139566312
「可爱」喜欢甜甜的歌也喜欢甜甜的你,10万,http://music.163.com/playlist?id=2137501153
【日系】温柔的声线治愈你的心灵,28万,http://music.163.com/playlist?id=2100979227
【治愈旋律】松谷云出 晴空雪暖,75万,http://music.163.com/playlist?id=2148719392
恋爱季，我安抚不住这颗躁动的心，请你收下,332万,http://music.163.com/playlist?id=2131237425
五月天 | 青春，有你无悔。,60万,http://music.163.com/playlist?id=2130746789
民谣里有哪些動聽的情话？,220万,http://music.163.com/playlist?id=2091758391
日系治愈男声，逐步陷入温柔的世界,92万,http://music.163.com/playlist?id=2095806875
你还不知道future bass么笨蛋？,19万,http://music.163.com/playlist?id=2169322307
◆想故作含蓄的跌入温暖怀抱◆,11万,http://music.163.com/playlist?id=2170815357
元气满满！无法抗拒の日系少女音,81万,http://music.163.com/playlist?id=2131714226
情书｜像喜欢星期五的下午那样喜欢你,504万,http://music.163.com/playlist?id=2133976544
『古风』随歌入画，皈依山水看浪花叠雪,150万,http://music.163.com/playlist?id=2102255856
声光美学 I 经典电影中的古典配乐集,141万,http://music.163.com/playlist?id=2107922801
深度睡眠 音符伴你入梦 愿你一夜好眠,173万,http://music.163.com/playlist?id=2086732756
『舌尖上的中国』最全BGM合集,18万,http://music.163.com/playlist?id=2115574775
主播猫腻游戏BGM,23万,http://music.163.com/playlist?id=2120178394
设计师想抖腿了听这单,94万,http://music.163.com/playlist?id=2108295731
李宗盛，每一首歌都深深击中内心！,31万,http://music.163.com/playlist?id=2129070723
这就是街舞经典背景音乐耳熟能详,59万,http://music.163.com/playlist?id=2137651853
日系治愈｜请问您今天要来点少女心吗？,158万,http://music.163.com/playlist?id=2092484970
［中文说唱］Underground永不为奴,112万,http://music.163.com/playlist?id=2119440255
『这！就是街舞』最全参赛BGM 有主题曲,48万,http://music.163.com/playlist?id=2115732453
『~米津玄师~』走进八爷的内心世界,19万,http://music.163.com/playlist?id=2087611743
日系温柔女声丨沐浴在歌声中的暖阳下,271万,http://music.163.com/playlist?id=2088799380
当你穿山越岭，我把我唱给你听,627万,http://music.163.com/playlist?id=2131695543
如果可以，我想和古人谈一场恋爱,214万,http://music.163.com/playlist?id=2091038787
「抒情摇滚」过去的时光与黯然的诗,422万,http://music.163.com/playlist?id=2092474396
镌刻在岁月中的摇滚传奇,31万,http://music.163.com/playlist?id=2151784031
韩‖惊艳嗓音，一秒陷入韩式魅力女声,21万,http://music.163.com/playlist?id=2152511326
你距离烟酒嗓，还差一万包万宝路,39万,http://music.163.com/playlist?id=2139298477
人声后摇 I 怎奈何琼夜一嗓伶俜,173万,http://music.163.com/playlist?id=2093273437
仙人抚我顶，结发受长生。,704万,http://music.163.com/playlist?id=2132009349
经常请吃饭的漂亮姐姐 OST& BGM,69万,http://music.163.com/playlist?id=2133763339
一听就上瘾的欧美流行歌曲，开口就沦陷！,126万,http://music.163.com/playlist?id=2116810839
致暗恋：陪伴是最怂的告白,608万,http://music.163.com/playlist?id=2127074784
这就是街舞BGM最新‖单曲循环炸曲‖精选,23万,http://music.163.com/playlist?id=2141720445
华研国际热门音乐精选50首,1038万,http://music.163.com/playlist?id=2120700410
那些曾经在Billboard上爆红的Hiphop—,15万,http://music.163.com/playlist?id=2122279649
hiphop&电音⚡️Rapper抖脚起来简直不要太爽,13万,http://music.163.com/playlist?id=2128709778
独处伴侣｜飘到地球尽头,28万,http://music.163.com/playlist?id=2141010431
『软音萌电』医疗兵就位，恶势力散退！,42万,http://music.163.com/playlist?id=2122586943
『音乐童话』精灵吟唱 | 如梦似幻,24万,http://music.163.com/playlist?id=2127435358
想与你°开启一场肆无忌惮的爱恋,153万,http://music.163.com/playlist?id=2131977732
梁静茹：爱她不是两三天,39万,http://music.163.com/playlist?id=2129431923
一禅小和尚背景音乐,85万,http://music.163.com/playlist?id=2116094255
Treasure Box | 欧美冷门良曲了解一下？,201万,http://music.163.com/playlist?id=2138096319
听说把糖放在枕头底下会做一个甜甜的梦,619万,http://music.163.com/playlist?id=2091484707
熱 評 已 註 銷.,34万,http://music.163.com/playlist?id=2110666644
韩式少女电子๑冒泡的甜橙味汽水,17万,http://music.163.com/playlist?id=2129246950
拔flow相助 | 围着火炉听嘻哈,93万,http://music.163.com/playlist?id=2134356986
GLR_G丽姐歌单,13万,http://music.163.com/playlist?id=2135347394
仙剑奇侠传一 仙剑奇侠传三 电视剧原声带,19万,http://music.163.com/playlist?id=2122703724
粤语钢琴||琴弥指尖 无词至情,14万,http://music.163.com/playlist?id=2141459648
黑胶酒馆|耳畔的浪漫眼中的你,101万,http://music.163.com/playlist?id=2125737991
百首日系思念 你的离别和一起描绘过的景色,18万,http://music.163.com/playlist?id=2098132127
慎点！每天叫醒全宿舍的洗脑神曲！,74万,http://music.163.com/playlist?id=2141379302
传统器乐赏：尺八的苍凉与恬静,31万,http://music.163.com/playlist?id=2137817994
俏皮口哨辑|充满阳光橙子汽水味的撩人纯音,12万,http://music.163.com/playlist?id=2136841673
年少不被层楼误，余生不羁尽自由。,167万,http://music.163.com/playlist?id=2127833943
撩人系｜一开口便能撩到你的女声~,173万,http://music.163.com/playlist?id=2102236918
“我想一个人静一静”,482万,http://music.163.com/playlist?id=2098557353
多热烈的白羊，热烈的抽象。,261万,http://music.163.com/playlist?id=2088358594
「日系抒情」|直抵你的内心,61万,http://music.163.com/playlist?id=2109852056
韩剧《LIVE》OST&BGM,19万,http://music.163.com/playlist?id=2137008091
林宥嘉翻唱精选 | 个人向,43万,http://music.163.com/playlist?id=2121778560
张国荣：媚态、悲剧与艺术,18万,http://music.163.com/playlist?id=2137350821
▫春日轻柔少女风 | 韩语响指系列▫,13万,http://music.163.com/playlist?id=2130880776
曾经我们不假思索，坠入爱河,11万,http://music.163.com/playlist?id=2152772614
塞北 ‖ 关于达坂城的记忆゛,11万,http://music.163.com/playlist?id=2153946539
“温柔点吧，这个世界已经够浮躁的了”,172万,http://music.163.com/playlist?id=2098892084
初春细语| 你和三月都是春天,26万,http://music.163.com/playlist?id=2136385470
清晨，愿与品茗粥尚温,21万,http://music.163.com/playlist?id=2138170829
如果思念有声音，该是我心跳的回响,304万,http://music.163.com/playlist?id=2098923749
初中必背古诗词，备战中考,25万,http://music.163.com/playlist?id=2112252573
小鬼-王琳凯//欲戴皇冠，必承其重,52万,http://music.163.com/playlist?id=2114596021
『遗憾』用林若宁的话怎么说？,21万,http://music.163.com/playlist?id=2127573198
适合开车时候听的欧美歌曲,82万,http://music.163.com/playlist?id=2101179574
秒变节奏控：Armada电音推荐,222万,http://music.163.com/playlist?id=2115269867
康纳麦格雷戈专属BGM,87万,http://music.163.com/playlist?id=2090838082
【宛转悠扬】琴声/节奏/电音Let's Go耳机,11万,http://music.163.com/playlist?id=2134172697
纯音｜灵魂中最深的孤独，是伴随着清醒而来,17万,http://music.163.com/playlist?id=2121679403
助眠丨夜灯缱绻 是渴睡者的眼,33万,http://music.163.com/playlist?id=2114296240
华语说唱里面的“励志”使命,59万,http://music.163.com/playlist?id=2110675477
土木三班陈同学（小懒猪陈）——合集,23万,http://music.163.com/playlist?id=2109630946
Break free ，Finally clean丨找回自己,181万,http://music.163.com/playlist?id=2109111010
奶油田电音盛宴,15万,http://music.163.com/playlist?id=2127409082
如初之光 | 与莫文蔚有关的日子,16万,http://music.163.com/playlist?id=2127884355
韩语|比任何人都要认真努力地生活啊,26万,http://music.163.com/playlist?id=2123117466
韩语☆春天来临，也许有个恋爱该谈一下,31万,http://music.163.com/playlist?id=2121300470
令人潸然泪下的纯音乐,46万,http://music.163.com/playlist?id=2105474477
开头就能当铃声,20万,http://music.163.com/playlist?id=2138611172
「治愈柔情」恍若隔世般的迷恋与遗忘,103万,http://music.163.com/playlist?id=2133838767
【R&B】慵懒的感觉非常舒服,35万,http://music.163.com/playlist?id=2094091970
【日系】毒系女声与轻快电音的完美结合,27万,http://music.163.com/playlist?id=2113963186
Zedd | Create Your Dream Set List,15万,http://music.163.com/playlist?id=2138874880
精选韩团の日单☆风在吹，你的泪，四季更替～,10万,http://music.163.com/playlist?id=2145184260
你是否对老街情有独钟 对故人仍然心动？,28万,http://music.163.com/playlist?id=2138963079
数学不好就听不懂，数学摇滚精选！,10万,http://music.163.com/playlist?id=2148597924
「我爱你」是需要鼓起勇气才说得出口啊,105万,http://music.163.com/playlist?id=2093908269
【蔡徐坤】偶像练习生♡星动亚洲,71万,http://music.163.com/playlist?id=2089973964
【古风】向江南折花 对春风红蜡,37万,http://music.163.com/playlist?id=2132288573
韩式少女电子✧柠檬的清凉酸爽感ˑ,24万,http://music.163.com/playlist?id=2129247799
ヤキモチ/起风了,33万,http://music.163.com/playlist?id=2133125759
“说真的 梦里在一起吧”,41万,http://music.163.com/playlist?id=2124685170
〖泰剧OST〗天生一对,11万,http://music.163.com/playlist?id=2128277687
DOTA2-AWOLNATION（雷神之管）音乐包-原曲,12万,http://music.163.com/playlist?id=2120258929
狂野飙车9:传奇 Asphalt 9 真·原声BGM,21万,http://music.163.com/playlist?id=2119810237
独立音乐和他的朋友可爱系插画封面,32万,http://music.163.com/playlist?id=2124287085
想和这些唱情歌的小哥哥谈场恋爱呀,156万,http://music.163.com/playlist?id=2109339318
静心纯音集♪孤独平静中孕育着坚强♫,41万,http://music.163.com/playlist?id=2108458442
Well，Spring is coming丨乱花渐欲迷人眼,193万,http://music.163.com/playlist?id=2099609886
法扎的完整观看顺序 （摇滚莫扎特）,10万,http://music.163.com/playlist?id=2090181257
"青春少女音l在最美的年纪,寻思最好的你",42万,http://music.163.com/playlist?id=2124579248
有些记忆就算忘不掉 也要假装记不起,194万,http://music.163.com/playlist?id=2127962775
治愈纯音丨魔法点亮眼底的点点星光,43万,http://music.163.com/playlist?id=2125848825
「日式森系」栀子花年少她,59万,http://music.163.com/playlist?id=2086961288
林俊杰圣所世界巡回演唱会歌单,25万,http://music.163.com/playlist?id=2099306377
「月樱低咏」折刀剑之舞 叹咏暗殇调,18万,http://music.163.com/playlist?id=2111160789
纯音丨世事漫随流水 算来一梦浮生,57万,http://music.163.com/playlist?id=2101116251
『韩语』独自一人抬头仰望蔚蓝的天空,14万,http://music.163.com/playlist?id=2136038187
温柔纯音系│幻想的彼岸 梦中深处的花海,21万,http://music.163.com/playlist?id=2107670128
古风觉晓 | 春色不过宛若江南,133万,http://music.163.com/playlist?id=2141352985
☁️仙气环绕的韩国空灵女声,15万,http://music.163.com/playlist?id=2140454162
“从来都是爱而不得的歌写得意味深长。”,161万,http://music.163.com/playlist?id=2096009367
古风良缘｜愿得一人心 白首不辞卿,147万,http://music.163.com/playlist?id=2086728689
「纯音·樱花祭」樱花绽放，飘散成曲。,23万,http://music.163.com/playlist?id=2124818497
「纯音」 迷茫是流浪者无言的伤。,23万,http://music.163.com/playlist?id=2121333613
古风女声| 吟一曲万水千山，醉叹锦绣年华,33万,http://music.163.com/playlist?id=2090147245
“呆妹儿小霸王”吃鸡搞笑BGM,15万,http://music.163.com/playlist?id=2102298273
哔哩哔哩|曾经血洗B站的神曲集锦√,19万,http://music.163.com/playlist?id=2089001450
温暖与悠然 | 当吉他邂逅男声,62万,http://music.163.com/playlist?id=2111924609
不只和煦的风 还有温柔的你,140万,http://music.163.com/playlist?id=2117069049
彩虹六号防守干员手机铃声,22万,http://music.163.com/playlist?id=2107645413
泫雅：性感霸气的百变女王,52万,http://music.163.com/playlist?id=2092033430
一秒就会中毒的韩语歌单~,10万,http://music.163.com/playlist?id=2109726190
踏着清风走向云端【Kobalt精编】,25万,http://music.163.com/playlist?id=2132570994
日系｜把星星藏进口袋 再加一些糖,24万,http://music.163.com/playlist?id=2115599010
华语歌里的宇宙丨我们飞向太空,198万,http://music.163.com/playlist?id=2092321859
抒情/治愈：请带上微笑一路前行,27万,http://music.163.com/playlist?id=2140489265
快起来！床塌了！,31万,http://music.163.com/playlist?id=2138996339
央视《经典咏流传》歌曲|持续更新～,16万,http://music.163.com/playlist?id=2108689809
「元夕」萌妹纸当然是元宵节标配,21万,http://music.163.com/playlist?id=2122066407
彼得兔 比得兔 电影原声,11万,http://music.163.com/playlist?id=2124722806
赶走阴霾 来一首欢快的欧美小调,805万,http://music.163.com/playlist?id=2084738832
听什么歌都像在唱自己,112万,http://music.163.com/playlist?id=2082564528
古风词作‖他们只是喜欢用歌的方式来讲故事,169万,http://music.163.com/playlist?id=2081133164
想要办一场古风婚礼，许一世天地作嫁,451万,http://music.163.com/playlist?id=2074273616
爱笑的摩羯座应该都很孤独吧。,53万,http://music.163.com/playlist?id=2074291456
助眠集 | 自然音，伴灵动乐符萦绕耳畔,215万,http://music.163.com/playlist?id=2075587022
古风精选 你眼中是江湖 我眼中是你,593万,http://music.163.com/playlist?id=2074681032
『这！就是街舞』最全BGM合集持更,182万,http://music.163.com/playlist?id=2078747658
恋爱系Melody，不知觉已陷入暗恋之心,366万,http://music.163.com/playlist?id=2069140707
【妖说】沧海桑田 只待君归,156万,http://music.163.com/playlist?id=2081400147
古典清香 I 我的茶馆里住着巴赫与肖邦,235万,http://music.163.com/playlist?id=2065854146
2017至2018最火的歌,1077万,http://music.163.com/playlist?id=2055854229
「偶像练习生」参赛曲目(Nine Percent),434万,http://music.163.com/playlist?id=2070073302
国人的纯音已经到了什么地步,54万,http://music.163.com/playlist?id=2070331664
90后回忆杀-学生时代听过的那些歌,25万,http://music.163.com/playlist?id=2080319176
痛彻心扉地哭，然后刻骨铭心地记住,920万,http://music.163.com/playlist?id=2059430694
开车必备中文歌（持续更新）,71万,http://music.163.com/playlist?id=2057638739
▶ 2018年欧美流行新歌速递,157万,http://music.163.com/playlist?id=2076170419
只是想安静的 享受那份呼吸的感觉。o・°。,638万,http://music.163.com/playlist?id=2058497430
综艺《偶像练习生》BGM合辑,318万,http://music.163.com/playlist?id=2065515420
日系摇滚『东京日和° 一番街的清冽少年』,180万,http://music.163.com/playlist?id=2062601053
『Trap』低频轰炸机 令人上瘾的黑暗氛围,207万,http://music.163.com/playlist?id=2069189356
Moombahton：异域风情的Drop最强音,395万,http://music.163.com/playlist?id=2069998416
华语 | 80/90都听过的经典老歌【怀旧篇】,273万,http://music.163.com/playlist?id=2059412026
综艺《这！就是街舞》BGM合辑,59万,http://music.163.com/playlist?id=2061447491
『曲作精选』细数古风圈原创作曲人❶,661万,http://music.163.com/playlist?id=2041615881
百首日系抒情，总有一首触动你的心,535万,http://music.163.com/playlist?id=2048970456
陈奕迅正曲全收录,19万,http://music.163.com/playlist?id=2068331353
【节奏控】好听又带感的英文歌(2017总结篇),2399万,http://music.163.com/playlist?id=2036883936
小姐姐搭档电子乐，声控党新潮的标配~,83万,http://music.163.com/playlist?id=2055571883
BBC新闻＋TED演讲,11万,http://music.163.com/playlist?id=2047661253
华语 | 听歌最怕应景，触景最怕生情,1457万,http://music.163.com/playlist?id=2042006896
2018全年抖腿指南，老铁你怕了吗？,1082万,http://music.163.com/playlist?id=2050704516
粤语女声 I 故事太多 没人会听你诉说,654万,http://music.163.com/playlist?id=2047424322
「女声控」音色沁人心 旋律美如画,467万,http://music.163.com/playlist?id=2040074016
那些为电音画龙点睛的惊艳女Vocals,148万,http://music.163.com/playlist?id=2081768956
随想纯音 · 仰望星辰的循环往复,417万,http://music.163.com/playlist?id=2033343411
【欧美励志歌单】打起精神，坚持下去,120万,http://music.163.com/playlist?id=2045318432
日系对唱丨聆听他们绽放在青春的美好,200万,http://music.163.com/playlist?id=2049903536
神级燃曲 · 百首顶级日漫激昂配乐,123万,http://music.163.com/playlist?id=2032514030
再深的感情也抵挡不住缘分的交错,687万,http://music.163.com/playlist?id=2036154174
钢琴前奏 • 清新静谧的舒适体验,391万,http://music.163.com/playlist?id=2031723550
偶像练习生_歌单合辑pick pick pick,473万,http://music.163.com/playlist?id=2070299050
Healing Time·一首歌描绘了一场梦,108万,http://music.163.com/playlist?id=2075642590
一个比较走心的民谣歌单,99万,http://music.163.com/playlist?id=2067079376
2017下半年百首热门EDM精选,421万,http://music.163.com/playlist?id=2035928784
【女声控】美到窒息，化与灵魂共鸣的音符♪,32万,http://music.163.com/playlist?id=2075331099
一个双鱼座的听歌列表,59万,http://music.163.com/playlist?id=2037756698
这个歌单就是你的补番表,24万,http://music.163.com/playlist?id=2037209821
网络流行歌曲20*£～2018,202万,http://music.163.com/playlist?id=2037526684
华语百首 | 歌词里那些欲言又止的少女心事,1216万,http://music.163.com/playlist?id=2029428985
粤语男声 I 我已见过银河 但我只爱一颗星,566万,http://music.163.com/playlist?id=2023551932
雨 声（amsr睡眠用）,31万,http://music.163.com/playlist?id=2074003626
你所耳熟能详的搞事情歌单【魔性循环】,208万,http://music.163.com/playlist?id=2020493495
沈以诚，焦迈奇，徐秉龙，刘莱斯，余佳运.,302万,http://music.163.com/playlist?id=2011848894
收集两年的健身运动歌单,40万,http://music.163.com/playlist?id=2059952971
說 出 來 的 情 話（持续更新）,259万,http://music.163.com/playlist?id=2015830102
女生KTV必点歌曲,80万,http://music.163.com/playlist?id=2023025745
『古风戏腔』名花不解语 无情也动人,99万,http://music.163.com/playlist?id=2022186054
爱情不卑微不施舍，别以为你是谁,472万,http://music.163.com/playlist?id=2015408138
你说你很累，可谁又活得顺风顺水,771万,http://music.163.com/playlist?id=2055724092
2017年billboard公告牌电子舞曲年榜,815万,http://music.163.com/playlist?id=2012592880
写作业累了，要不来一段Freestyle ？,383万,http://music.163.com/playlist?id=2069749302
2017年度最受欢迎个性推荐歌曲,4644万,http://music.163.com/playlist?id=2039098272
For you 」,35万,http://music.163.com/playlist?id=2018083531
『致前任』我曾经很喜欢你 但也只能到这里,878万,http://music.163.com/playlist?id=2049424729
妈妈，他的糖里有毒,1149万,http://music.163.com/playlist?id=2052760419
2017年度最热新歌TOP100,4704万,http://music.163.com/playlist?id=2039073542
在清晨午后，适合读书背景音乐|great.,16万,http://music.163.com/playlist?id=2081532000
『催眠神曲』亲试有效听片刻即困。,102万,http://music.163.com/playlist?id=2049139112
Beautiful Now【音乐的力量·电音】,25万,http://music.163.com/playlist?id=2050976156
【Pr】自认为很好的剪辑时的音乐/音效,21万,http://music.163.com/playlist?id=2055435222
lo-fi hiphop｜繁华都市与孤独旅人,41万,http://music.163.com/playlist?id=2073101707
分手后再次与前任相见你会怎么办？,1446万,http://music.163.com/playlist?id=2045750454
电影中的提琴曲｜故事最长情,39万,http://music.163.com/playlist?id=2085138831
哼一曲歌谣，送别年少的你,205万,http://music.163.com/playlist?id=2066593601
别丧了，送你一首快乐的小甜歌^O^,41万,http://music.163.com/playlist?id=2071369403
【 2017 YouTube收听量最高的欧美歌曲 】,1627万,http://music.163.com/playlist?id=1991596470
愿还会有人，做个傻子陪你浪费一生,536万,http://music.163.com/playlist?id=2042205655
自然音 | 雨、海、江河，静谧水之旅,10万,http://music.163.com/playlist?id=2075550612
「日系/燃向丧」我无法理解的世界,131万,http://music.163.com/playlist?id=2042383725
骚气萨克斯，尽量别扭！,41万,http://music.163.com/playlist?id=2061171995
说 唱 中 的 江 湖 侠 客,42万,http://music.163.com/playlist?id=2074124472
【超燃】游戏必备BGM,32万,http://music.163.com/playlist?id=2071118614
玩人类一败涂地BGM,22万,http://music.163.com/playlist?id=2043525032
2017年日本iTunes热门动画歌曲TOP100,15万,http://music.163.com/playlist?id=2059352211
华语||我不怕等待，我怕你不来,510万,http://music.163.com/playlist?id=2031595851
吃鸡必备BGM 主播专用,152万,http://music.163.com/playlist?id=2031769374
确认过眼神，余生都是你,746万,http://music.163.com/playlist?id=2050135367
【节奏控】一听就上瘾的惊艳女声③,189万,http://music.163.com/playlist?id=2049460383
【天天吃鸡】百万后期BGM,20万,http://music.163.com/playlist?id=2074210594
朱正廷 偶像练习生,25万,http://music.163.com/playlist?id=2075426362
聚印象绝地求生超神篇歌单,26万,http://music.163.com/playlist?id=2022466257
特色女嗓 · 爆破型鬼才声线集,270万,http://music.163.com/playlist?id=2029494007
适合努力学习英语时听的歌曲,1091万,http://music.163.com/playlist?id=2015397679
人这一辈子，最怕突然听懂了一首歌。,1194万,http://music.163.com/playlist?id=2020864493
♥ 带 点 甜 味 的 韩 国 电 子 乐 ♥,14万,http://music.163.com/playlist?id=2057419956
2017年Billboard榜前五十最佳说唱歌曲,118万,http://music.163.com/playlist?id=2056197287
百年孤独丨每个人都是一颗孤星,45万,http://music.163.com/playlist?id=2061103315
朱伟的恋练有词歌单2019,29万,http://music.163.com/playlist?id=2032917187
魔性BGM 我亲手毁了我的日推系列,41万,http://music.163.com/playlist?id=2046480726
无前奏丨女声丨欧美丨三秒爱上,659万,http://music.163.com/playlist?id=2008935342
全球最年轻的DJ丨青春是永不停息的电流,183万,http://music.163.com/playlist?id=2036127284
New Beat Awards 2017年98首热歌倒数！,328万,http://music.163.com/playlist?id=2024618853
情 绪 绝 缘 体 ≈ 0% Emotions,217万,http://music.163.com/playlist?id=2018078090
理想男友音，声控福利~（不定期更新）,47万,http://music.163.com/playlist?id=2017931496
找不到的爱情别找了，该来的总会来的,450万,http://music.163.com/playlist?id=2006137660
脸红的思春期专场｜初恋热恋,29万,http://music.163.com/playlist?id=2027230022
是时候吸一口丧丧的仙气了,166万,http://music.163.com/playlist?id=2002199718
『148面的华晨宇，总有一面适合你』,237万,http://music.163.com/playlist?id=2008272804
[伤感纯音乐]没名字的歌单，没有你的我,34万,http://music.163.com/playlist?id=2002685332
『耽美古风』天官赐福＇为你，所向披靡！,32万,http://music.163.com/playlist?id=2014038407
原来所谓的巧合，是穿越千里的故意,16万,http://music.163.com/playlist?id=2184816168
头号玩家原声集Ready Player One,20万,http://music.163.com/playlist?id=2164994422
恋空丨遥不可及的念想 魂牵梦萦的天空,12万,http://music.163.com/playlist?id=2148142718
晚安日语：希望每天醒来都能看见你,26万,http://music.163.com/playlist?id=2217297057
网易云纯音乐榜（2018.5月第三周）,22万,http://music.163.com/playlist?id=2172458253
2018年四月最热新歌TOP50,658万,http://music.163.com/playlist?id=2208764332
『欧美&翻唱』耳朵怀孕♡逼死原唱系列,10万,http://music.163.com/playlist?id=2120336656
请将我从这场支离破碎的梦中唤醒...,29万,http://music.163.com/playlist?id=2106026157
请问您今天要来点狗粮吗？丨虐狗动画小盘点,48万,http://music.163.com/playlist?id=2140895458
来听听这些青春可爱的少女心事,160万,http://music.163.com/playlist?id=2128934505
『韩语』春天适合樱花，阳光，与最爱的你,10万,http://music.163.com/playlist?id=2116614897
2017 Best Music丨最难忘的欧美旋律,276万,http://music.163.com/playlist?id=2044070603
死 的 時 候 要 埋 在 一 起.,29万,http://music.163.com/playlist?id=2060642136
一个等待五月天版权的歌单,37万,http://music.163.com/playlist?id=2076007963
2018年二月最热新歌TOP50,445万,http://music.163.com/playlist?id=2121823915
晚世界的晚，安有你的安,16万,http://music.163.com/playlist?id=2114631405
『日系催眠轻声向』世界晚安。,12万,http://music.163.com/playlist?id=2050898967
“数了999只的羊却输在了一次的想你”,65万,http://music.163.com/playlist?id=2195416934
新国摇X少年心气|ROCK&LOVE&PEACE,33万,http://music.163.com/playlist?id=2194339362
云音乐五周年 | 感谢你的一路相伴,210万,http://music.163.com/playlist?id=2192790772
台湾流行音乐简史六·跨世纪「2000—2004」,88万,http://music.163.com/playlist?id=2117230470
